{
    "cat": "a2",
    "forms":[
        "Nominativ.Singular.Maskulin,Nominativ.Singular.Feminin,Genitiv.Singular.Maskulin,Genitiv.Singular.Feminin,Genitiv.Singular.Neutrum",
        {
            "e":"Nominativ.Singular.Neutrum,Akkusativ.Singular.Maskulin",
            "i":"Dativ.Singular.Maskulin,Dativ.Singular.Maskulin,Dativ.Singular.Neutrum,Ablativ.Singular.Maskulin,Ablativ.Singular.Maskulin,Ablativ.Singular.Neutrum",
            "em":"Akkusativ.Singular.Maskulin,Akkusativ.Singular.Feminin",
            "es":"Nominativ.Plural.Maskulin,Nominativ.Plural.Feminin,Akkusativ.Plural.Maskulin,Akkusativ.Plural.Feminin",
            "ia":"Nominativ.Plural.Neutrum,Akkusativ.Plural.Neutrum",
            "ium":"Genitiv.Plural.Maskulin,Genitiv.Plural.Feminin,Genitiv.Plural.Neutrum",
            "ibum":"Dativ.Plural.Maskulin,Dativ.Plural.Feminin,Dativ.Plural.Neutrum,Ablativ.Plural.Maskulin,Ablativ.Plural.Feminin,Ablativ.Plural.Neutrum"
        }
    ]
}