{
    "cat": "ao",
    "forms":[
        "Nominativ.Singular.Maskulin",
        {
            "i":"Genitiv.Singular.Neutrum,Genitiv.Singular.Maskulin,Nominativ.Plural.Maskulin",
            "o":"Dativ.Singular.Neutrum,Ablativ.Singular.Neutrum,Dativ.Singular.Maskulin,Ablativ.Singular.Maskulin",
            "um":"Akkusativ.Singular.Maskulin",
            "orum":"Genitiv.Plural.Neutrum,Genitiv.Plural.Maskulin",
            "is":"Dativ.Plural.Feminin,Ablativ.Plural.Feminin,Dativ.Plural.Maskulin,Ablativ.Plural.Maskulin,Dativ.Plural.Neutrum,Ablativ.Plural.Neutrums",
            "os":"Akkusativ.Plural.Maskulin",
            "am":"Akkusativ.Singular.Feminin",
            "arum":"Genitiv.Plural.Feminin",
            "a": "Nominativ.Plural.Neutrum,Akkusativ.Plural.Neutrum",
            "ae":"Genitiv.Singular.Feminin,Dativ.Singular.Feminin,Nominativ.Singular.Feminin",
            "as":"Akkusativ.Plural.Feminin"
        }
    ]
}