{
    "cat": "sin",
    "forms":[
        "Nominativ.Singular.Neutrum,Akkusativ.Singular.Neutrum",
        {
            "is":"Genitiv.Singular.Neutrum",
            "i":"Dativ.Singular.Neutrum,Ablativ.Singular.Neutrum",
            "e":"Dativ.Singular.Neutrum,Akkusativ.Singular.Neutrum",
            "ia":"Nominativ.Plural.Neutrum,Akkusativ.Plural.Neutrum",
            "um":"Genitiv.Plural.Neutrum",
            "ium":"Genitiv.Plural.Neutrum",
            "ibus":"Dativ.Plural.Neutrum,Ablativ.Plural.Neutrum"
        }
    ]
}