{
    "cat": "skf",
    "forms":[
        "Nominativ.Singular.Feminin",
        {
            "is":"Genitiv.Singular.Feminin",
            "i":"Dativ.Singular.Feminin",
            "em":"Akkusativ.Singular.Feminin",
            "e":"Dativ.Singular.Feminin,Ablativ.Singular.Feminin",
            "es":"Nominativ.Plural.Feminin,Akkusativ.Plural.Feminin",
            "um":"Genitiv.Plural.Feminin",
            "ium":"Genitiv.Plural.Feminin",
            "ibus":"Dativ.Plural.Feminin,Ablativ.Plural.Feminin"
        }
    ]
}