{
    "cat": "sum",
    "forms":[
        "Nominativ.Singular.Maskulin",
        {
            "i": "Genitiv.Singular.Maskulin",
            "us": "Genitiv.Singular.Maskulin,Nominativ.Plural.Maskulin,Akkusativ.Plural.Maskulin",
            "os": "Genitiv.Singular.Maskulin",
            "u": "Dativ.Singular.Maskulin,Ablativ.Singular.Maskulin",
            "ui": "Dativ.Singular.Maskulin",
            "um": "Genitiv.Plural.Maskulin",
            "uum": "Genitiv.Plural.Maskulin",
            "uus": "Nominativ.Plural.Maskulin,Akkusativ.Plural.Maskulin",
            "ibus": "Dativ.Plural.Maskulin,Ablativ.Plural.Maskulin",
            "ubus": "Dativ.Plural.Maskulin,Ablativ.Plural.Maskulin"
        }
    ]
}