{
    "cat": "va",
    "forms": [
        "Infinitiv.Präsens.",
        {
            "o": "Präsens.1Person.Singular.Indikativ.Aktiv",
            "as": "Präsens.2Person.Singular.Indikativ.Aktiv",
            "at": "Präsens.3Person.Singular.Indikativ.Aktiv",
            "amus": "Präsens.1Person.Plural.Indikativ.Aktiv",
            "atis": "Präsens.2Person.Plural.Indikativ.Aktiv",
            "ant": "Präsens.3Person.Plural.Indikativ.Aktiv",
            "em": "Präsens.1Person.Singular.Konjunktiv.Aktiv",
            "es": "Präsens.2Person.Singular.Konjunktiv.Aktiv",
            "et": "Präsens.3Person.Singular.Konjunktiv.Aktiv",
            "emus": "Präsens.1Person.Plural.Konjunktiv.Aktiv",
            "etis": "Präsens.2Person.Plural.Konjunktiv.Aktiv",
            "ent": "Präsens.3Person.Plural.Konjunktiv.Aktiv",
            "abam": "Imperfekt.1Person.Singular.Indikativ.Aktiv",
            "abas": "Imperfekt.2Person.Singular.Indikativ.Aktiv",
            "abat": "Imperfekt.3Person.Singular.Indikativ.Aktiv",
            "abamus": "Imperfekt.1Person.Plural.Indikativ.Aktiv",
            "abatis": "Imperfekt.2Person.Plural.Indikativ.Aktiv",
            "abant": "Imperfekt.3Person.Plural.Indikativ.Aktiv",
            "arem": "Imperfekt.1Person.Singular.Konjunktiv.Aktiv",
            "ares": "Imperfekt.2Person.Singular.Konjunktiv.Aktiv",
            "aret": "Imperfekt.3Person.Singular.Konjunktiv.Aktiv",
            "aremus": "Imperfekt.1Person.Plural.Konjunktiv.Aktiv",
            "aretis": "Imperfekt.2Person.Plural.Konjunktiv.Aktiv",
            "arent": "Imperfekt.3Person.Plural.Konjunktiv.Aktiv",
            "abo": "Futur.1Person.Singular.Aktiv",
            "abis": "Futur.2Person.Singular.Aktiv",
            "abit": "Futur.3Person.Singular.Aktiv",
            "abimus": "Futur.1Person.Plural.Aktiv",
            "abitis": "Futur.2Person.Plural.Aktiv",
            "abunt": "Futur.3Person.Plural.Aktiv",
            "a": "Imperativ.Singular",
            "ate": "Imperativ.Plural",
            "or": "Präsens.1Person.Singular.Indikativ.Passiv",
            "aris": "Präsens.2Person.Singular.Indikativ.Passiv",
            "atur": "Präsens.3Person.Singular.Indikativ.Passiv",
            "amur": "Präsens.1Person.Plural.Indikativ.Passiv",
            "amini": "Präsens.2Person.Plural.Indikativ.Passiv",
            "antur": "Präsens.3Person.Plural.Indikativ.Passiv",
            "er": "Präsens.1Person.Singular.Konjunktiv.Passiv",
            "eris": "Präsens.2Person.Singular.Konjunktiv.Passiv",
            "etur": "Präsens.3Person.Singular.Konjunktiv.Passiv",
            "emur": "Präsens.1Person.Plural.Konjunktiv.Passiv",
            "emini": "Präsens.2Person.Plural.Konjunktiv.Passiv",
            "entur": "Präsens.3Person.Plural.Konjunktiv.Passiv",
            "abar": "Imperfekt.1Person.Singular.Indikativ.Passiv",
            "abaris": "Imperfekt.2Person.Singular.Indikativ.Passiv",
            "abatur": "Imperfekt.3Person.Singular.Indikativ.Passiv",
            "abamur": "Imperfekt.1Person.Plural.Indikativ.Passiv",
            "abamini": "Imperfekt.2Person.Plural.Indikativ.Passiv",
            "abantur": "Imperfekt.3Person.Plural.Indikativ.Passiv",
            "arer": "Imperfekt.1Person.Singular.Konjunktiv.Passiv",
            "areris": "Imperfekt.2Person.Singular.Konjunktiv.Passiv",
            "aretur": "Imperfekt.3Person.Singular.Konjunktiv.Passiv",
            "aremur": "Imperfekt.1Person.Plural.Konjunktiv.Passiv",
            "aremini": "Imperfekt.2Person.Plural.Konjunktiv.Passiv",
            "arentur": "Imperfekt.3Person.Plural.Konjunktiv.Passiv",
            "abor": "Futur.1Person.Singular.Passiv",
            "aberis": "Futur.2Person.Singular.Passiv",
            "abitur": "Futur.3Person.Singular.Passiv",
            "abimur": "Futur.1Person.Plural.Passiv",
            "abimini": "Futur.2Person.Plural.Passiv",
            "abuntur": "Futur.3Person.Plural.Passiv",
            "ns": "Partizip.Präsens.Aktiv"
        },
        {
            "isse":"Infinitiv.Perfekt.Aktiv",
            "i": "Perfekt.1Person.Singular.Indikativ.Aktiv",
            "isti": "Perfekt.2Person.Singular.Indikativ.Aktiv",
            "it": "Perfekt.3Person.Singular.Indikativ.Aktiv",
            "imus": "Perfekt.1Person.Plural.Indikativ.Aktiv",
            "istis": "Perfekt.2Person.Plural.Indikativ.Aktiv",
            "erunt": "Perfekt.3Person.Plural.Indikativ.Aktiv",
            "erim": "Perfekt.1Person.Singular.Konjunktiv.Aktiv",
            "eris": "Perfekt.2Person.Singular.Konjunktiv.Aktiv",
            "erit": "Perfekt.3Person.Singular.Konjunktiv.Aktiv",
            "erimus": "Perfekt.1Person.Plural.Konjunktiv.Aktiv",
            "eritis": "Perfekt.2Person.Plural.Konjunktiv.Aktiv",
            "erint": "Perfekt.3Person.Plural.Konjunktiv.Aktiv",
            "eram": "Plusquamperfekt.1Person.Singular.Indikativ.Aktiv",
            "eras": "Plusquamperfekt.2Person.Singular.Indikativ.Aktiv",
            "erat": "Plusquamperfekt.3Person.Singular.Indikativ.Aktiv",
            "eramus": "Plusquamperfekt.1Person.Plural.Indikativ.Aktiv",
            "eratis": "Plusquamperfekt.2Person.Plural.Indikativ.Aktiv",
            "erant": "Plusquamperfekt.3Person.Plural.Indikativ.Aktiv",
            "issem": "Plusquamperfekt.1Person.Singular.Konjunktiv.Aktiv",
            "isses": "Plusquamperfekt.2Person.Singular.Konjunktiv.Aktiv",
            "isset": "Plusquamperfekt.3Person.Singular.Konjunktiv.Aktiv",
            "issemus": "Plusquamperfekt.1Person.Plural.Konjunktiv.Aktiv",
            "issetis": "Plusquamperfekt.2Person.Plural.Konjunktiv.Aktiv",
            "issent": "Plusquamperfekt.3Person.Plural.Konjunktiv.Aktiv"
        }
    ]
}