{
    "cat": "ve",
    "forms": [
        "Infinitiv.Präsens.",
        {
            "o": "Präsens.1Person.Singular.Indikativ.Aktiv",
            "s": "Präsens.2Person.Singular.Indikativ.Aktiv",
            "t": "Präsens.3Person.Singular.Indikativ.Aktiv",
            "mus": "Präsens.1Person.Plural.Indikativ.Aktiv",
            "tis": "Präsens.2Person.Plural.Indikativ.Aktiv",
            "nt": "Präsens.3Person.Plural.Indikativ.Aktiv",
            "am": "Präsens.1Person.Singular.Konjunktiv.Aktiv",
            "as": "Präsens.2Person.Singular.Konjunktiv.Aktiv",
            "at": "Präsens.3Person.Singular.Konjunktiv.Aktiv",
            "amus": "Präsens.1Person.Plural.Konjunktiv.Aktiv",
            "atis": "Präsens.2Person.Plural.Konjunktiv.Aktiv",
            "ant": "Präsens.3Person.Plural.Konjunktiv.Aktiv",
            "bam": "Imperfekt.1Person.Singular.Indikativ.Aktiv",
            "bas": "Imperfekt.2Person.Singular.Indikativ.Aktiv",
            "bat": "Imperfekt.3Person.Singular.Indikativ.Aktiv",
            "bamus": "Imperfekt.1Person.Plural.Indikativ.Aktiv",
            "batis": "Imperfekt.2Person.Plural.Indikativ.Aktiv",
            "bant": "Imperfekt.3Person.Plural.Indikativ.Aktiv",
            "rem": "Imperfekt.1Person.Singular.Konjunktiv.Aktiv",
            "res": "Imperfekt.2Person.Singular.Konjunktiv.Aktiv",
            "ret": "Imperfekt.3Person.Singular.Konjunktiv.Aktiv",
            "remus": "Imperfekt.1Person.Plural.Konjunktiv.Aktiv",
            "retis": "Imperfekt.2Person.Plural.Konjunktiv.Aktiv",
            "rent": "Imperfekt.3Person.Plural.Konjunktiv.Aktiv",
            "bo": "Futur.1Person.Singular.Aktiv",
            "bis": "Futur.2Person.Singular.Aktiv",
            "bit": "Futur.3Person.Singular.Aktiv",
            "bimus": "Futur.1Person.Plural.Aktiv",
            "bitis": "Futur.2Person.Plural.Aktiv",
            "bunt": "Futur.3Person.Plural.Aktiv",
            "": "Imperativ.Singular",
            "te": "Imperativ.Plural",
            "or": "Präsens.1Person.Singular.Indikativ.Passiv",
            "aris": "Präsens.2Person.Singular.Indikativ.Passiv",
            "atur": "Präsens.3Person.Singular.Indikativ.Passiv",
            "amur": "Präsens.1Person.Plural.Indikativ.Passiv",
            "amini": "Präsens.2Person.Plural.Indikativ.Passiv",
            "antur": "Präsens.3Person.Plural.Indikativ.Passiv",
            "r": "Präsens.1Person.Singular.Konjunktiv.Passiv",
            "ris": "Präsens.2Person.Singular.Konjunktiv.Passiv",
            "tur": "Präsens.3Person.Singular.Konjunktiv.Passiv",
            "mur": "Präsens.1Person.Plural.Konjunktiv.Passiv",
            "mini": "Präsens.2Person.Plural.Konjunktiv.Passiv",
            "ntur": "Präsens.3Person.Plural.Konjunktiv.Passiv",
            "bar": "Imperfekt.1Person.Singular.Indikativ.Passiv",
            "baris": "Imperfekt.2Person.Singular.Indikativ.Passiv",
            "batur": "Imperfekt.3Person.Singular.Indikativ.Passiv",
            "bamur": "Imperfekt.1Person.Plural.Indikativ.Passiv",
            "bamini": "Imperfekt.2Person.Plural.Indikativ.Passiv",
            "bantur": "Imperfekt.3Person.Plural.Indikativ.Passiv",
            "rer": "Imperfekt.1Person.Singular.Konjunktiv.Passiv",
            "reris": "Imperfekt.2Person.Singular.Konjunktiv.Passiv",
            "retur": "Imperfekt.3Person.Singular.Konjunktiv.Passiv",
            "remur": "Imperfekt.1Person.Plural.Konjunktiv.Passiv",
            "remini": "Imperfekt.2Person.Plural.Konjunktiv.Passiv",
            "rentur": "Imperfekt.3Person.Plural.Konjunktiv.Passiv",
            "bor": "Futur.1Person.Singular.Passiv",
            "beris": "Futur.2Person.Singular.Passiv",
            "bitur": "Futur.3Person.Singular.Passiv",
            "bimur": "Futur.1Person.Plural.Passiv",
            "bimini": "Futur.2Person.Plural.Passiv",
            "buntur": "Futur.3Person.Plural.Passiv",
            "ns": "Partizip.Präsens.Aktiv"
        },
        {
            "isse":"Infinitiv.Perfekt.Aktiv",
            "i": "Perfekt.1Person.Singular.Indikativ.Aktiv",
            "isti": "Perfekt.2Person.Singular.Indikativ.Aktiv",
            "it": "Perfekt.3Person.Singular.Indikativ.Aktiv",
            "imus": "Perfekt.1Person.Plural.Indikativ.Aktiv",
            "istis": "Perfekt.2Person.Plural.Indikativ.Aktiv",
            "erunt": "Perfekt.3Person.Plural.Indikativ.Aktiv",
            "erim": "Perfekt.1Person.Singular.Konjunktiv.Aktiv",
            "eris": "Perfekt.2Person.Singular.Konjunktiv.Aktiv",
            "erit": "Perfekt.3Person.Singular.Konjunktiv.Aktiv",
            "erimus": "Perfekt.1Person.Plural.Konjunktiv.Aktiv",
            "eritis": "Perfekt.2Person.Plural.Konjunktiv.Aktiv",
            "erint": "Perfekt.3Person.Plural.Konjunktiv.Aktiv",
            "eram": "Plusquamperfekt.1Person.Singular.Indikativ.Aktiv",
            "eras": "Plusquamperfekt.2Person.Singular.Indikativ.Aktiv",
            "erat": "Plusquamperfekt.3Person.Singular.Indikativ.Aktiv",
            "eramus": "Plusquamperfekt.1Person.Plural.Indikativ.Aktiv",
            "eratis": "Plusquamperfekt.2Person.Plural.Indikativ.Aktiv",
            "erant": "Plusquamperfekt.3Person.Plural.Indikativ.Aktiv",
            "issem": "Plusquamperfekt.1Person.Singular.Konjunktiv.Aktiv",
            "isses": "Plusquamperfekt.2Person.Singular.Konjunktiv.Aktiv",
            "isset": "Plusquamperfekt.3Person.Singular.Konjunktiv.Aktiv",
            "issemus": "Plusquamperfekt.1Person.Plural.Konjunktiv.Aktiv",
            "issetis": "Plusquamperfekt.2Person.Plural.Konjunktiv.Aktiv",
            "issent": "Plusquamperfekt.3Person.Plural.Konjunktiv.Aktiv"
        }
    ]
}