{
    "cat": "vk",
    "forms": [
        "Infinitiv.Präsens",
        {
            "o": "Präsens.1Person.Singular.Indikativ.Aktiv",
            "is": "Präsens.2Person.Singular.Indikativ.Aktiv",
            "it": "Präsens.3Person.Singular.Indikativ.Aktiv",
            "imus": "Präsens.1Person.Plural.Indikativ.Aktiv",
            "itis": "Präsens.2Person.Plural.Indikativ.Aktiv",
            "unt": "Präsens.3Person.Plural.Indikativ.Aktiv",
            "as": "Präsens.2Person.Singular.Konjunktiv.Aktiv",
            "at": "Präsens.3Person.Singular.Konjunktiv.Aktiv",
            "amus": "Präsens.1Person.Plural.Konjunktiv.Aktiv",
            "atis": "Präsens.2Person.Plural.Konjunktiv.Aktiv",
            "ant": "Präsens.3Person.Plural.Konjunktiv.Aktiv",
            "ebam": "Imperfekt.1Person.Singular.Indikativ.Aktiv",
            "ebas": "Imperfekt.2Person.Singular.Indikativ.Aktiv",
            "ebat": "Imperfekt.3Person.Singular.Indikativ.Aktiv",
            "ebamus": "Imperfekt.1Person.Plural.Indikativ.Aktiv",
            "ebatis": "Imperfekt.2Person.Plural.Indikativ.Aktiv",
            "ebant": "Imperfekt.3Person.Plural.Indikativ.Aktiv",
            "erem": "Imperfekt.1Person.Singular.Konjunktiv.Aktiv",
            "eres": "Imperfekt.2Person.Singular.Konjunktiv.Aktiv",
            "eret": "Imperfekt.3Person.Singular.Konjunktiv.Aktiv",
            "eremus": "Imperfekt.1Person.Plural.Konjunktiv.Aktiv",
            "eretis": "Imperfekt.2Person.Plural.Konjunktiv.Aktiv",
            "erent": "Imperfekt.3Person.Plural.Konjunktiv.Aktiv",
            "am": "Futur.1Person.Singular.Aktiv,Präsens.1Person.Singular.Konjunktiv.Aktiv",
            "es": "Futur.2Person.Singular.Aktiv",
            "et": "Futur.3Person.Singular.Aktiv",
            "emus": "Futur.1Person.Plural.Aktiv",
            "etis": "Futur.2Person.Plural.Aktiv",
            "ent": "Futur.3Person.Plural.Aktiv",
            "": "Imperativ.Singular",
            "te": "Imperativ.Plural",
            "or": "Präsens.1Person.Singular.Indikativ.Passiv",
            "eris": "Präsens.2Person.Singular.Indikativ.Passiv,Futur.2Person.Singular.Passiv",
            "itur": "Präsens.3Person.Singular.Indikativ.Passiv",
            "imur": "Präsens.1Person.Plural.Indikativ.Passiv",
            "imini": "Präsens.2Person.Plural.Indikativ.Passiv",
            "untur": "Präsens.3Person.Plural.Indikativ.Passiv",
            "ar": "Präsens.1Person.Singular.Konjunktiv.Passiv,Futur.1Person.Singular.Passiv",
            "aris": "Präsens.2Person.Singular.Konjunktiv.Passiv",
            "atur": "Präsens.3Person.Singular.Konjunktiv.Passiv",
            "amur": "Präsens.1Person.Plural.Konjunktiv.Passiv",
            "amini": "Präsens.2Person.Plural.Konjunktiv.Passiv",
            "antur": "Präsens.3Person.Plural.Konjunktiv.Passiv",
            "ebar": "Imperfekt.1Person.Singular.Indikativ.Passiv",
            "ebaris": "Imperfekt.2Person.Singular.Indikativ.Passiv",
            "ebatur": "Imperfekt.3Person.Singular.Indikativ.Passiv",
            "ebamur": "Imperfekt.1Person.Plural.Indikativ.Passiv",
            "ebamini": "Imperfekt.2Person.Plural.Indikativ.Passiv",
            "ebantur": "Imperfekt.3Person.Plural.Indikativ.Passiv",
            "erer": "Imperfekt.1Person.Singular.Konjunktiv.Passiv",
            "ereris": "Imperfekt.2Person.Singular.Konjunktiv.Passiv",
            "eretur": "Imperfekt.3Person.Singular.Konjunktiv.Passiv",
            "eremur": "Imperfekt.1Person.Plural.Konjunktiv.Passiv",
            "eremini": "Imperfekt.2Person.Plural.Konjunktiv.Passiv",
            "erentur": "Imperfekt.3Person.Plural.Konjunktiv.Passiv",
            "etur": "Futur.3Person.Singular.Passiv",
            "emur": "Futur.1Person.Plural.Passiv",
            "emini": "Futur.2Person.Plural.Passiv",
            "entur": "Futur.3Person.Plural.Passiv",
            "ns": "Partizip.Präsens.Aktiv"
        },
        {
            "isse":"Infinitiv.Perfekt.Aktiv",
            "i": "Perfekt.1Person.Singular.Indikativ.Aktiv",
            "isti": "Perfekt.2Person.Singular.Indikativ.Aktiv",
            "it": "Perfekt.3Person.Singular.Indikativ.Aktiv",
            "imus": "Perfekt.1Person.Plural.Indikativ.Aktiv",
            "istis": "Perfekt.2Person.Plural.Indikativ.Aktiv",
            "erunt": "Perfekt.3Person.Plural.Indikativ.Aktiv",
            "erim": "Perfekt.1Person.Singular.Konjunktiv.Aktiv",
            "eris": "Perfekt.2Person.Singular.Konjunktiv.Aktiv",
            "erit": "Perfekt.3Person.Singular.Konjunktiv.Aktiv",
            "erimus": "Perfekt.1Person.Plural.Konjunktiv.Aktiv",
            "eritis": "Perfekt.2Person.Plural.Konjunktiv.Aktiv",
            "erint": "Perfekt.3Person.Plural.Konjunktiv.Aktiv",
            "eram": "Plusquamperfekt.1Person.Singular.Indikativ.Aktiv",
            "eras": "Plusquamperfekt.2Person.Singular.Indikativ.Aktiv",
            "erat": "Plusquamperfekt.3Person.Singular.Indikativ.Aktiv",
            "eramus": "Plusquamperfekt.1Person.Plural.Indikativ.Aktiv",
            "eratis": "Plusquamperfekt.2Person.Plural.Indikativ.Aktiv",
            "erant": "Plusquamperfekt.3Person.Plural.Indikativ.Aktiv",
            "issem": "Plusquamperfekt.1Person.Singular.Konjunktiv.Aktiv",
            "isses": "Plusquamperfekt.2Person.Singular.Konjunktiv.Aktiv",
            "isset": "Plusquamperfekt.3Person.Singular.Konjunktiv.Aktiv",
            "issemus": "Plusquamperfekt.1Person.Plural.Konjunktiv.Aktiv",
            "issetis": "Plusquamperfekt.2Person.Plural.Konjunktiv.Aktiv",
            "issent": "Plusquamperfekt.3Person.Plural.Konjunktiv.Aktiv"
        },
        {
            "i":"PPP.Genitiv.Singular.Neutrum,PPP.Genitiv.Singular.Maskulin,PPP.Nominativ.Plural.Maskulin",
            "o":"PPP.Dativ.Singular.Neutrum,PPP.Ablativ.Singular.Neutrum,PPP.Dativ.Singular.Maskulin,PPP.Ablativ.Singular.Maskulin",
            "um":"PPP.Akkusativ.Singular.Maskulin",
            "orum":"PPP.Genitiv.Plural.Neutrum,PPP.Genitiv.Plural.Maskulin",
            "is":"PPP.Dativ.Plural.Feminin,PPP.Ablativ.Plural.Feminin,PPP.Dativ.Plural.Maskulin,PPP.Ablativ.Plural.Maskulin,PPP.Dativ.Plural.Neutrum,PPP.Ablativ.Plural.Neutrum",
            "os":"PPP.Akkusativ.Plural.Maskulin",
            "am":"PPP.Akkusativ.Singular.Feminin",
            "arum":"PPP.Genitiv.Plural.Feminin",
            "a": "PPP.Nominativ.Plural.Neutrum,PPP.Akkusativ.Plural.Neutrum",
            "ae":"PPP.Genitiv.Singular.Feminin,PPP.Dativ.Singular.Feminin,PPP.Nominativ.Singular.Feminin",
            "as":"PPP.Akkusativ.Plural.Feminin"
        }
    ]
}